{
  "total_epochs": 5,
  "total_iterations": 4,
  "epoch": 5,
  "start_ts": 1630530589,
  "total_time": "0:00:54",
  "best_metric": 0.5776257514953613,
  "train": {
    "metrics": {
      "train_dice": 0.5685244798660278
    },
    "key_metric_name": "train_dice",
    "best_metric": 0.5776257514953613,
    "best_metric_epoch": 1
  }
}