{
  "total_epochs": 1,
  "total_iterations": 4,
  "epoch": 1,
  "start_ts": 1630531791,
  "total_time": "0:00:12",
  "best_metric": 0.594529926776886,
  "train": {
    "metrics": {
      "train_dice": 0.594529926776886
    },
    "key_metric_name": "train_dice",
    "best_metric": 0.594529926776886,
    "best_metric_epoch": 1
  }
}